Workbook

Sheet 1ER TRIMESTRE
A1: UNIDAD EDUCATIVA PARTICULAR “TIA BLANQUITA”
A2: MATRIZ: Bolivar 220 entre 10 de Agosto y Napoleon Mera - SUCURSAL: Via Pajonal Urbanizacion Genesis
A3: E-mail: marialuisa_000@hotmail.com
A4: AÑO LECTIVO 2026-2027
A5: REGISTRO DE ASISTENCIA DEL 1ER TRIMESTRE - ESTUDIANTES
A6: INSPECTORA/DOCENTE TUTOR | D6: MES | W6: MES | AS6: MES | BP6: MES | BU6: "AT" Atrasos | BV6: "A" DIAS ASISTIDOS | BW6: "J" Justificadas | BX6: F "Injustificadas" | BY6: DIAS DE ASISTENCIA 69
D7: MAYO | W7: JUNIO | AS7: JULIO | BP7: AGOSTO
A8: Nº | B8: JORNADA | C8: GRADO
B9: MATUTINA | D9: DÍAS 19 | W9: DÍAS 22 | AS9: DÍAS 23 | BP9: DÍAS 5
B10: NOMINA | D10: 4 | E10: 5 | F10: 6 | G10: 7 | H10: 8 | I10: 11 | J10: 12 | K10: 13 | L10: 14 | M10: 15 | N10: 18 | O10: 19 | P10: 20 | Q10: 21 | R10: 22 | S10: 26 | T10: 27 | U10: 28 | V10: 29 | W10: 1 | X10: 2 | Y10: 3 | Z10: 4 | AA10: 5 | AB10: 8 | AC10: 9 | AD10: 10 | AE10: 11 | AF10: 12 | AG10: 15 | AH10: 16 | AI10: 17 | AJ10: 18 | AK10: 19 | AL10: 22 | AM10: 23 | AN10: 24 | AO10: 25 | AP10: 26 | AQ10: 29 | AR10: 30 | AS10: 1 | AT10: 2 | AU10: 3 | AV10: 6 | AW10: 7 | AX10: 8 | AY10: 9 | AZ10: 10 | BA10: 13 | BB10: 14 | BC10: 15 | BD10: 16 | BE10: 17 | BF10: 20 | BG10: 21 | BH10: 22 | BI10: 23 | BJ10: 24 | BK10: 27 | BL10: 28 | BM10: 29 | BN10: 30 | BO10: 31 | BP10: 3 | BQ10: 4 | BR10: 5 | BS10: 6 | BT10: 7
A11: 1 | B11: AGUILAR ORELLANA FREDDY JOEL | D11: A | E11: A | F11: A | G11: A | H11: A | I11: A | J11: A | K11: A | L11: A | M11: A | N11: A | O11: A | P11: A | Q11: A | R11: A | S11: A | T11: A | U11: A | V11: A | W11: A | X11: A | Y11: A | Z11: A | AA11: A | AB11: A | AC11: A | AD11: A | AE11: A | AF11: A | AG11: A | AH11: A | AI11: A | AJ11: A | AK11: A | AL11: A | AM11: A | AN11: A | AO11: A | AP11: A | AQ11: A | AR11: A | AS11: A | AT11: A | AU11: A | AV11: A | AW11: A | AX11: A | AY11: A | AZ11: A | BA11: A | BB11: A | BC11: A | BD11: A | BE11: A | BF11: A | BG11: A | BH11: A | BI11: A | BJ11: A | BK11: A | BL11: A | BM11: A | BN11: A | BO11: A | BP11: A | BQ11: A | BR11: A | BS11: A | BT11: A | BU11: =COUNTIF(D11:BT11,"AT") -> 0 | BV11: {=SUM(COUNTIF(D11:BT11,{"A";"AT"}))} -> 69 | BW11: =COUNTIF(D11:BT11,"J") -> 0 | BX11: =COUNTIF(D11:BT11,"F") -> 0 | BY11: =SUM(BV11:BX11) -> 69
A12: 2 | D12: A | E12: A | F12: A | G12: A | H12: A | I12: A | J12: A | K12: A | L12: A | M12: A | N12: A | O12: A | P12: A | Q12: A | R12: A | S12: A | T12: A | U12: A | V12: A | W12: A | X12: A | Y12: A | Z12: A | AA12: A | AB12: A | AC12: A | AD12: A | AE12: A | AF12: A | AG12: A | AH12: A | AI12: A | AJ12: A | AK12: A | AL12: A | AM12: A | AN12: A | AO12: A | AP12: A | AQ12: A | AR12: A | AS12: A | AT12: A | AU12: A | AV12: A | AW12: A | AX12: A | AY12: A | AZ12: A | BA12: A | BB12: A | BC12: A | BD12: A | BE12: A | BF12: A | BG12: A | BH12: A | BI12: A | BJ12: A | BK12: A | BL12: A | BM12: A | BN12: A | BO12: A | BP12: A | BQ12: A | BR12: A | BS12: A | BT12: A | BU12: =COUNTIF(D12:BT12,"AT") -> 0 | BV12: {=SUM(COUNTIF(D12:BT12,{"A";"AT"}))} -> 69 | BW12: =COUNTIF(D12:BT12,"J") -> 0 | BX12: =COUNTIF(D12:BT12,"F") -> 0 | BY12: =SUM(BV12:BX12) -> 69
A13: 3 | D13: A | E13: A | F13: A | G13: A | H13: A | I13: A | J13: A | K13: A | L13: A | M13: A | N13: A | O13: A | P13: A | Q13: A | R13: A | S13: A | T13: A | U13: A | V13: A | W13: A | X13: A | Y13: A | Z13: A | AA13: A | AB13: A | AC13: A | AD13: A | AE13: A | AF13: A | AG13: A | AH13: A | AI13: A | AJ13: A | AK13: A | AL13: A | AM13: A | AN13: A | AO13: A | AP13: A | AQ13: A | AR13: A | AS13: A | AT13: A | AU13: A | AV13: A | AW13: A | AX13: A | AY13: A | AZ13: A | BA13: A | BB13: A | BC13: A | BD13: A | BE13: A | BF13: A | BG13: A | BH13: A | BI13: A | BJ13: A | BK13: A | BL13: A | BM13: A | BN13: A | BO13: A | BP13: A | BQ13: A | BR13: A | BS13: A | BT13: A | BU13: =COUNTIF(D13:BT13,"AT") -> 0 | BV13: {=SUM(COUNTIF(D13:BT13,{"A";"AT"}))} -> 69 | BW13: =COUNTIF(D13:BT13,"J") -> 0 | BX13: =COUNTIF(D13:BT13,"F") -> 0 | BY13: =SUM(BV13:BX13) -> 69
A14: 4 | D14: A | E14: A | F14: A | G14: A | H14: A | I14: A | J14: A | K14: A | L14: A | M14: A | N14: A | O14: A | P14: A | Q14: A | R14: A | S14: A | T14: A | U14: A | V14: A | W14: A | X14: A | Y14: A | Z14: A | AA14: A | AB14: A | AC14: A | AD14: A | AE14: A | AF14: A | AG14: A | AH14: A | AI14: A | AJ14: A | AK14: A | AL14: A | AM14: A | AN14: A | AO14: A | AP14: A | AQ14: A | AR14: A | AS14: A | AT14: A | AU14: A | AV14: A | AW14: A | AX14: A | AY14: A | AZ14: A | BA14: A | BB14: A | BC14: A | BD14: A | BE14: A | BF14: A | BG14: A | BH14: A | BI14: A | BJ14: A | BK14: A | BL14: A | BM14: A | BN14: A | BO14: A | BP14: A | BQ14: A | BR14: A | BS14: A | BT14: A | BU14: =COUNTIF(D14:BT14,"AT") -> 0 | BV14: {=SUM(COUNTIF(D14:BT14,{"A";"AT"}))} -> 69 | BW14: =COUNTIF(D14:BT14,"J") -> 0 | BX14: =COUNTIF(D14:BT14,"F") -> 0 | BY14: =SUM(BV14:BX14) -> 69
A15: 5 | D15: A | E15: A | F15: A | G15: A | H15: A | I15: A | J15: A | K15: A | L15: A | M15: A | N15: A | O15: A | P15: A | Q15: A | R15: A | S15: A | T15: A | U15: A | V15: A | W15: A | X15: A | Y15: A | Z15: A | AA15: A | AB15: A | AC15: A | AD15: A | AE15: A | AF15: A | AG15: A | AH15: A | AI15: A | AJ15: A | AK15: A | AL15: A | AM15: A | AN15: A | AO15: A | AP15: A | AQ15: A | AR15: A | AS15: A | AT15: A | AU15: A | AV15: A | AW15: A | AX15: A | AY15: A | AZ15: A | BA15: A | BB15: A | BC15: A | BD15: A | BE15: A | BF15: A | BG15: A | BH15: A | BI15: A | BJ15: A | BK15: A | BL15: A | BM15: A | BN15: A | BO15: A | BP15: A | BQ15: A | BR15: A | BS15: A | BT15: A | BU15: =COUNTIF(D15:BT15,"AT") -> 0 | BV15: {=SUM(COUNTIF(D15:BT15,{"A";"AT"}))} -> 69 | BW15: =COUNTIF(D15:BT15,"J") -> 0 | BX15: =COUNTIF(D15:BT15,"F") -> 0 | BY15: =SUM(BV15:BX15) -> 69
A16: 6 | D16: A | E16: A | F16: A | G16: A | H16: A | I16: A | J16: A | K16: A | L16: A | M16: A | N16: A | O16: A | P16: A | Q16: A | R16: A | S16: A | T16: A | U16: A | V16: A | W16: A | X16: A | Y16: A | Z16: A | AA16: A | AB16: A | AC16: A | AD16: A | AE16: A | AF16: A | AG16: A | AH16: A | AI16: A | AJ16: A | AK16: A | AL16: A | AM16: A | AN16: A | AO16: A | AP16: A | AQ16: A | AR16: A | AS16: A | AT16: A | AU16: A | AV16: A | AW16: A | AX16: A | AY16: A | AZ16: A | BA16: A | BB16: A | BC16: A | BD16: A | BE16: A | BF16: A | BG16: A | BH16: A | BI16: A | BJ16: A | BK16: A | BL16: A | BM16: A | BN16: A | BO16: A | BP16: A | BQ16: A | BR16: A | BS16: A | BT16: A | BU16: =COUNTIF(D16:BT16,"AT") -> 0 | BV16: {=SUM(COUNTIF(D16:BT16,{"A";"AT"}))} -> 69 | BW16: =COUNTIF(D16:BT16,"J") -> 0 | BX16: =COUNTIF(D16:BT16,"F") -> 0 | BY16: =SUM(BV16:BX16) -> 69
A17: 7 | D17: A | E17: A | F17: A | G17: A | H17: A | I17: A | J17: A | K17: A | L17: A | M17: A | N17: A | O17: A | P17: A | Q17: A | R17: A | S17: A | T17: A | U17: A | V17: A | W17: A | X17: A | Y17: A | Z17: A | AA17: A | AB17: A | AC17: A | AD17: A | AE17: A | AF17: A | AG17: A | AH17: A | AI17: A | AJ17: A | AK17: A | AL17: A | AM17: A | AN17: A | AO17: A | AP17: A | AQ17: A | AR17: A | AS17: A | AT17: A | AU17: A | AV17: A | AW17: A | AX17: A | AY17: A | AZ17: A | BA17: A | BB17: A | BC17: A | BD17: A | BE17: A | BF17: A | BG17: A | BH17: A | BI17: A | BJ17: A | BK17: A | BL17: A | BM17: A | BN17: A | BO17: A | BP17: A | BQ17: A | BR17: A | BS17: A | BT17: A | BU17: =COUNTIF(D17:BT17,"AT") -> 0 | BV17: {=SUM(COUNTIF(D17:BT17,{"A";"AT"}))} -> 69 | BW17: =COUNTIF(D17:BT17,"J") -> 0 | BX17: =COUNTIF(D17:BT17,"F") -> 0 | BY17: =SUM(BV17:BX17) -> 69
A18: 8 | D18: A | E18: A | F18: A | G18: A | H18: A | I18: A | J18: A | K18: A | L18: A | M18: A | N18: A | O18: A | P18: A | Q18: A | R18: A | S18: A | T18: A | U18: A | V18: A | W18: A | X18: A | Y18: A | Z18: A | AA18: A | AB18: A | AC18: A | AD18: A | AE18: A | AF18: A | AG18: A | AH18: A | AI18: A | AJ18: A | AK18: A | AL18: A | AM18: A | AN18: A | AO18: A | AP18: A | AQ18: A | AR18: A | AS18: A | AT18: A | AU18: A | AV18: A | AW18: A | AX18: A | AY18: A | AZ18: A | BA18: A | BB18: A | BC18: A | BD18: A | BE18: A | BF18: A | BG18: A | BH18: A | BI18: A | BJ18: A | BK18: A | BL18: A | BM18: A | BN18: A | BO18: A | BP18: A | BQ18: A | BR18: A | BS18: A | BT18: A | BU18: =COUNTIF(D18:BT18,"AT") -> 0 | BV18: {=SUM(COUNTIF(D18:BT18,{"A";"AT"}))} -> 69 | BW18: =COUNTIF(D18:BT18,"J") -> 0 | BX18: =COUNTIF(D18:BT18,"F") -> 0 | BY18: =SUM(BV18:BX18) -> 69
A19: 9 | D19: A | E19: A | F19: A | G19: A | H19: A | I19: A | J19: A | K19: A | L19: A | M19: A | N19: A | O19: A | P19: A | Q19: A | R19: A | S19: A | T19: A | U19: A | V19: A | W19: A | X19: A | Y19: A | Z19: A | AA19: A | AB19: A | AC19: A | AD19: A | AE19: A | AF19: A | AG19: A | AH19: A | AI19: A | AJ19: A | AK19: A | AL19: A | AM19: A | AN19: A | AO19: A | AP19: A | AQ19: A | AR19: A | AS19: A | AT19: A | AU19: A | AV19: A | AW19: A | AX19: A | AY19: A | AZ19: A | BA19: A | BB19: A | BC19: A | BD19: A | BE19: A | BF19: A | BG19: A | BH19: A | BI19: A | BJ19: A | BK19: A | BL19: A | BM19: A | BN19: A | BO19: A | BP19: A | BQ19: A | BR19: A | BS19: A | BT19: A | BU19: =COUNTIF(D19:BT19,"AT") -> 0 | BV19: {=SUM(COUNTIF(D19:BT19,{"A";"AT"}))} -> 69 | BW19: =COUNTIF(D19:BT19,"J") -> 0 | BX19: =COUNTIF(D19:BT19,"F") -> 0 | BY19: =SUM(BV19:BX19) -> 69
A20: 10 | D20: A | E20: A | F20: A | G20: A | H20: A | I20: A | J20: A | K20: A | L20: A | M20: A | N20: A | O20: A | P20: A | Q20: A | R20: A | S20: A | T20: A | U20: A | V20: A | W20: A | X20: A | Y20: A | Z20: A | AA20: A | AB20: A | AC20: A | AD20: A | AE20: A | AF20: A | AG20: A | AH20: A | AI20: A | AJ20: A | AK20: A | AL20: A | AM20: A | AN20: A | AO20: A | AP20: A | AQ20: A | AR20: A | AS20: A | AT20: A | AU20: A | AV20: A | AW20: A | AX20: A | AY20: A | AZ20: A | BA20: A | BB20: A | BC20: A | BD20: A | BE20: A | BF20: A | BG20: A | BH20: A | BI20: A | BJ20: A | BK20: A | BL20: A | BM20: A | BN20: A | BO20: A | BP20: A | BQ20: A | BR20: A | BS20: A | BT20: A | BU20: =COUNTIF(D20:BT20,"AT") -> 0 | BV20: {=SUM(COUNTIF(D20:BT20,{"A";"AT"}))} -> 69 | BW20: =COUNTIF(D20:BT20,"J") -> 0 | BX20: =COUNTIF(D20:BT20,"F") -> 0 | BY20: =SUM(BV20:BX20) -> 69
A21: 11 | D21: A | E21: A | F21: A | G21: A | H21: A | I21: A | J21: A | K21: A | L21: A | M21: A | N21: A | O21: A | P21: A | Q21: A | R21: A | S21: A | T21: A | U21: A | V21: A | W21: A | X21: A | Y21: A | Z21: A | AA21: A | AB21: A | AC21: A | AD21: A | AE21: A | AF21: A | AG21: A | AH21: A | AI21: A | AJ21: A | AK21: A | AL21: A | AM21: A | AN21: A | AO21: A | AP21: A | AQ21: A | AR21: A | AS21: A | AT21: A | AU21: A | AV21: A | AW21: A | AX21: A | AY21: A | AZ21: A | BA21: A | BB21: A | BC21: A | BD21: A | BE21: A | BF21: A | BG21: A | BH21: A | BI21: A | BJ21: A | BK21: A | BL21: A | BM21: A | BN21: A | BO21: A | BP21: A | BQ21: A | BR21: A | BS21: A | BT21: A | BU21: =COUNTIF(D21:BT21,"AT") -> 0 | BV21: {=SUM(COUNTIF(D21:BT21,{"A";"AT"}))} -> 69 | BW21: =COUNTIF(D21:BT21,"J") -> 0 | BX21: =COUNTIF(D21:BT21,"F") -> 0 | BY21: =SUM(BV21:BX21) -> 69
A22: 12 | D22: A | E22: A | F22: A | G22: A | H22: A | I22: A | J22: A | K22: A | L22: A | M22: A | N22: A | O22: A | P22: A | Q22: A | R22: A | S22: A | T22: A | U22: A | V22: A | W22: A | X22: A | Y22: A | Z22: A | AA22: A | AB22: A | AC22: A | AD22: A | AE22: A | AF22: A | AG22: A | AH22: A | AI22: A | AJ22: A | AK22: A | AL22: A | AM22: A | AN22: A | AO22: A | AP22: A | AQ22: A | AR22: A | AS22: A | AT22: A | AU22: A | AV22: A | AW22: A | AX22: A | AY22: A | AZ22: A | BA22: A | BB22: A | BC22: A | BD22: A | BE22: A | BF22: A | BG22: A | BH22: A | BI22: A | BJ22: A | BK22: A | BL22: A | BM22: A | BN22: A | BO22: A | BP22: A | BQ22: A | BR22: A | BS22: A | BT22: A | BU22: =COUNTIF(D22:BT22,"AT") -> 0 | BV22: {=SUM(COUNTIF(D22:BT22,{"A";"AT"}))} -> 69 | BW22: =COUNTIF(D22:BT22,"J") -> 0 | BX22: =COUNTIF(D22:BT22,"F") -> 0 | BY22: =SUM(BV22:BX22) -> 69
A23: 13 | D23: A | E23: A | F23: A | G23: A | H23: A | I23: A | J23: A | K23: A | L23: A | M23: A | N23: A | O23: A | P23: A | Q23: A | R23: A | S23: A | T23: A | U23: A | V23: A | W23: A | X23: A | Y23: A | Z23: A | AA23: A | AB23: A | AC23: A | AD23: A | AE23: A | AF23: A | AG23: A | AH23: A | AI23: A | AJ23: A | AK23: A | AL23: A | AM23: A | AN23: A | AO23: A | AP23: A | AQ23: A | AR23: A | AS23: A | AT23: A | AU23: A | AV23: A | AW23: A | AX23: A | AY23: A | AZ23: A | BA23: A | BB23: A | BC23: A | BD23: A | BE23: A | BF23: A | BG23: A | BH23: A | BI23: A | BJ23: A | BK23: A | BL23: A | BM23: A | BN23: A | BO23: A | BP23: A | BQ23: A | BR23: A | BS23: A | BT23: A | BU23: =COUNTIF(D23:BT23,"AT") -> 0 | BV23: {=SUM(COUNTIF(D23:BT23,{"A";"AT"}))} -> 69 | BW23: =COUNTIF(D23:BT23,"J") -> 0 | BX23: =COUNTIF(D23:BT23,"F") -> 0 | BY23: =SUM(BV23:BX23) -> 69
... A40: 30 | D40: A | E40: A | F40: A | G40: A | H40: A | I40: A | J40: A | K40: A | L40: A | M40: A | N40: A | O40: A | P40: A | Q40: A | R40: A | S40: A | T40: A | U40: A | V40: A | W40: A | X40: A | Y40: A | Z40: A | AA40: A | AB40: A | AC40: A | AD40: A | AE40: A | AF40: A | AG40: A | AH40: A | AI40: A | AJ40: A | AK40: A | AL40: A | AM40: A | AN40: A | AO40: A | AP40: A | AQ40: A | AR40: A | AS40: A | AT40: A | AU40: A | AV40: A | AW40: A | AX40: A | AY40: A | AZ40: A | BA40: A | BB40: A | BC40: A | BD40: A | BE40: A | BF40: A | BG40: A | BH40: A | BI40: A | BJ40: A | BK40: A | BL40: A | BM40: A | BN40: A | BO40: A | BP40: A | BQ40: A | BR40: A | BS40: A | BT40: A | BU40: =COUNTIF(D40:BT40,"AT") -> 0 | BV40: {=SUM(COUNTIF(D40:BT40,{"A";"AT"}))} -> 69 | BW40: =COUNTIF(D40:BT40,"J") -> 0 | BX40: =COUNTIF(D40:BT40,"F") -> 0 | BY40: =SUM(BV40:BX40) -> 69
Z44: LCDA. LXXXXXXXXXXXXXXXXXXX | AS44: LCDA. ARLET ORAMAS DIAZ | BL44: DRA. MARIA LUISA JADAN ORDOÑEZ
D45: DOCENTE TUTOR | Z45: INSPECTOR PISO_1 | AS45: INSPECTOR GENERAL | BL45: RECTORA_UETB

Sheet 2DO TRIMESTRE
A1: UNIDAD EDUCATIVA PARTICULAR “TIA BLANQUITA”
A2: MATRIZ: Bolivar 220 entre 10 de Agosto y Napoleon Mera - SUCURSAL: Via Pajonal Urbanizacion Genesis
A3: E-mail: marialuisa_000@hotmail.com
A4: AÑO LECTIVO 2026-2027
A5: REGISTRO DE ASISTENCIA DEL 2DO TRIMESTRE - ESTUDIANTES
A6: INSPECTORA/DOCENTE TUTORA | D6: MES | S6: MES | AO6: MES | BJ6: MES | BM6: "AT" Atrasos | BN6: "A" DIAS ASISTIDOS | BO6: "J" Justificadas | BP6: F "Injustificadas" | BQ6: DIAS DE ASISTENCIA 61
A7: =+'1ER TRIMESTRE'!A7 -> 0 | D7: AGOSTO | S7: SEPTIEMBRE | AO7: OCTUBRE | BJ7: NOV
A8: Nº | B8: JORNADA | C8: GRADO
B9: =+'1ER TRIMESTRE'!B9 -> MATUTINA | C9: =+'1ER TRIMESTRE'!C9 -> 0 | D9: DÍAS 15 | S9: DÍAS 22 | AO9: DÍAS 21 | BJ9: DÍAS 3
B10: NOMINA | D10: 11 | E10: 12 | F10: 13 | G10: 14 | H10: 17 | I10: 18 | J10: 19 | K10: 20 | L10: 21 | M10: 24 | N10: 25 | O10: 26 | P10: 27 | Q10: 28 | R10: 31 | S10: 1 | T10: 2 | U10: 3 | V10: 4 | W10: 7 | X10: 8 | Y10: 9 | Z10: 10 | AA10: 11 | AB10: 14 | AC10: 15 | AD10: 16 | AE10: 17 | AF10: 18 | AG10: 21 | AH10: 22 | AI10: 23 | AJ10: 24 | AK10: 25 | AL10: 28 | AM10: 29 | AN10: 30 | AO10: 1 | AP10: 2 | AQ10: 5 | AR10: 6 | AS10: 7 | AT10: 8 | AU10: 12 | AV10: 13 | AW10: 14 | AX10: 15 | AY10: 16 | AZ10: 19 | BA10: 20 | BB10: 21 | BC10: 22 | BD10: 23 | BE10: 26 | BF10: 27 | BG10: 28 | BH10: 29 | BI10: 30 | BJ10: 4 | BK10: 5 | BL10: 6
A11: 1 | B11: =+'1ER TRIMESTRE'!B11 -> AGUILAR ORELLANA FREDDY JOEL | D11: A | E11: A | F11: A | G11: A | H11: A | I11: A | J11: A | K11: A | L11: A | M11: A | N11: A | O11: A | P11: A | Q11: A | R11: A | S11: A | T11: A | U11: A | V11: A | W11: A | X11: A | Y11: A | Z11: A | AA11: A | AB11: A | AC11: A | AD11: A | AE11: A | AF11: A | AG11: A | AH11: A | AI11: A | AJ11: A | AK11: A | AL11: A | AM11: A | AN11: A | AO11: A | AP11: A | AQ11: A | AR11: A | AS11: A | AT11: A | AU11: A | AV11: A | AW11: A | AX11: A | AY11: A | AZ11: A | BA11: A | BB11: A | BC11: A | BD11: A | BE11: A | BF11: A | BG11: A | BH11: A | BI11: A | BJ11: A | BK11: A | BL11: A | BM11: =COUNTIF(D11:BL11,"AT") -> 0 | BN11: {=SUM(COUNTIF(D11:BL11,{"A";"AT"}))} -> 61 | BO11: =COUNTIF(D11:BL11,"J") -> 0 | BP11: =COUNTIF(D11:BL11,"F") -> 0 | BQ11: =SUM(BN11:BP11) -> 61
A12: 2 | B12: =+'1ER TRIMESTRE'!B12 -> 0 | D12: A | E12: A | F12: A | G12: A | H12: A | I12: A | J12: A | K12: A | L12: A | M12: A | N12: A | O12: A | P12: A | Q12: A | R12: A | S12: A | T12: A | U12: A | V12: A | W12: A | X12: A | Y12: A | Z12: A | AA12: A | AB12: A | AC12: A | AD12: A | AE12: A | AF12: A | AG12: A | AH12: A | AI12: A | AJ12: A | AK12: A | AL12: A | AM12: A | AN12: A | AO12: A | AP12: A | AQ12: A | AR12: A | AS12: A | AT12: A | AU12: A | AV12: A | AW12: A | AX12: A | AY12: A | AZ12: A | BA12: A | BB12: A | BC12: A | BD12: A | BE12: A | BF12: A | BG12: A | BH12: A | BI12: A | BJ12: A | BK12: A | BL12: A | BM12: =COUNTIF(D12:BL12,"AT") -> 0 | BN12: {=SUM(COUNTIF(D12:BL12,{"A";"AT"}))} -> 61 | BO12: =COUNTIF(D12:BL12,"J") -> 0 | BP12: =COUNTIF(D12:BL12,"F") -> 0 | BQ12: =SUM(BN12:BP12) -> 61
A13: 3 | B13: =+'1ER TRIMESTRE'!B13 -> 0 | D13: A | E13: A | F13: A | G13: A | H13: A | I13: A | J13: A | K13: A | L13: A | M13: A | N13: A | O13: A | P13: A | Q13: A | R13: A | S13: A | T13: A | U13: A | V13: A | W13: A | X13: A | Y13: A | Z13: A | AA13: A | AB13: A | AC13: A | AD13: A | AE13: A | AF13: A | AG13: A | AH13: A | AI13: A | AJ13: A | AK13: A | AL13: A | AM13: A | AN13: A | AO13: A | AP13: A | AQ13: A | AR13: A | AS13: A | AT13: A | AU13: A | AV13: A | AW13: A | AX13: A | AY13: A | AZ13: A | BA13: A | BB13: A | BC13: A | BD13: A | BE13: A | BF13: A | BG13: A | BH13: A | BI13: A | BJ13: A | BK13: A | BL13: A | BM13: =COUNTIF(D13:BL13,"AT") -> 0 | BN13: {=SUM(COUNTIF(D13:BL13,{"A";"AT"}))} -> 61 | BO13: =COUNTIF(D13:BL13,"J") -> 0 | BP13: =COUNTIF(D13:BL13,"F") -> 0 | BQ13: =SUM(BN13:BP13) -> 61
A14: 4 | B14: =+'1ER TRIMESTRE'!B14 -> 0 | D14: A | E14: A | F14: A | G14: A | H14: A | I14: A | J14: A | K14: A | L14: A | M14: A | N14: A | O14: A | P14: A | Q14: A | R14: A | S14: A | T14: A | U14: A | V14: A | W14: A | X14: A | Y14: A | Z14: A | AA14: A | AB14: A | AC14: A | AD14: A | AE14: A | AF14: A | AG14: A | AH14: A | AI14: A | AJ14: A | AK14: A | AL14: A | AM14: A | AN14: A | AO14: A | AP14: A | AQ14: A | AR14: A | AS14: A | AT14: A | AU14: A | AV14: A | AW14: A | AX14: A | AY14: A | AZ14: A | BA14: A | BB14: A | BC14: A | BD14: A | BE14: A | BF14: A | BG14: A | BH14: A | BI14: A | BJ14: A | BK14: A | BL14: A | BM14: =COUNTIF(D14:BL14,"AT") -> 0 | BN14: {=SUM(COUNTIF(D14:BL14,{"A";"AT"}))} -> 61 | BO14: =COUNTIF(D14:BL14,"J") -> 0 | BP14: =COUNTIF(D14:BL14,"F") -> 0 | BQ14: =SUM(BN14:BP14) -> 61
A15: 5 | B15: =+'1ER TRIMESTRE'!B15 -> 0 | D15: A | E15: A | F15: A | G15: A | H15: A | I15: A | J15: A | K15: A | L15: A | M15: A | N15: A | O15: A | P15: A | Q15: A | R15: A | S15: A | T15: A | U15: A | V15: A | W15: A | X15: A | Y15: A | Z15: A | AA15: A | AB15: A | AC15: A | AD15: A | AE15: A | AF15: A | AG15: A | AH15: A | AI15: A | AJ15: A | AK15: A | AL15: A | AM15: A | AN15: A | AO15: A | AP15: A | AQ15: A | AR15: A | AS15: A | AT15: A | AU15: A | AV15: A | AW15: A | AX15: A | AY15: A | AZ15: A | BA15: A | BB15: A | BC15: A | BD15: A | BE15: A | BF15: A | BG15: A | BH15: A | BI15: A | BJ15: A | BK15: A | BL15: A | BM15: =COUNTIF(D15:BL15,"AT") -> 0 | BN15: {=SUM(COUNTIF(D15:BL15,{"A";"AT"}))} -> 61 | BO15: =COUNTIF(D15:BL15,"J") -> 0 | BP15: =COUNTIF(D15:BL15,"F") -> 0 | BQ15: =SUM(BN15:BP15) -> 61
A16: 6 | B16: =+'1ER TRIMESTRE'!B16 -> 0 | D16: A | E16: A | F16: A | G16: A | H16: A | I16: A | J16: A | K16: A | L16: A | M16: A | N16: A | O16: A | P16: A | Q16: A | R16: A | S16: A | T16: A | U16: A | V16: A | W16: A | X16: A | Y16: A | Z16: A | AA16: A | AB16: A | AC16: A | AD16: A | AE16: A | AF16: A | AG16: A | AH16: A | AI16: A | AJ16: A | AK16: A | AL16: A | AM16: A | AN16: A | AO16: A | AP16: A | AQ16: A | AR16: A | AS16: A | AT16: A | AU16: A | AV16: A | AW16: A | AX16: A | AY16: A | AZ16: A | BA16: A | BB16: A | BC16: A | BD16: A | BE16: A | BF16: A | BG16: A | BH16: A | BI16: A | BJ16: A | BK16: A | BL16: A | BM16: =COUNTIF(D16:BL16,"AT") -> 0 | BN16: {=SUM(COUNTIF(D16:BL16,{"A";"AT"}))} -> 61 | BO16: =COUNTIF(D16:BL16,"J") -> 0 | BP16: =COUNTIF(D16:BL16,"F") -> 0 | BQ16: =SUM(BN16:BP16) -> 61
A17: 7 | B17: =+'1ER TRIMESTRE'!B17 -> 0 | D17: A | E17: A | F17: A | G17: A | H17: A | I17: A | J17: A | K17: A | L17: A | M17: A | N17: A | O17: A | P17: A | Q17: A | R17: A | S17: A | T17: A | U17: A | V17: A | W17: A | X17: A | Y17: A | Z17: A | AA17: A | AB17: A | AC17: A | AD17: A | AE17: A | AF17: A | AG17: A | AH17: A | AI17: A | AJ17: A | AK17: A | AL17: A | AM17: A | AN17: A | AO17: A | AP17: A | AQ17: A | AR17: A | AS17: A | AT17: A | AU17: A | AV17: A | AW17: A | AX17: A | AY17: A | AZ17: A | BA17: A | BB17: A | BC17: A | BD17: A | BE17: A | BF17: A | BG17: A | BH17: A | BI17: A | BJ17: A | BK17: A | BL17: A | BM17: =COUNTIF(D17:BL17,"AT") -> 0 | BN17: {=SUM(COUNTIF(D17:BL17,{"A";"AT"}))} -> 61 | BO17: =COUNTIF(D17:BL17,"J") -> 0 | BP17: =COUNTIF(D17:BL17,"F") -> 0 | BQ17: =SUM(BN17:BP17) -> 61
A18: 8 | B18: =+'1ER TRIMESTRE'!B18 -> 0 | D18: A | E18: A | F18: A | G18: A | H18: A | I18: A | J18: A | K18: A | L18: A | M18: A | N18: A | O18: A | P18: A | Q18: A | R18: A | S18: A | T18: A | U18: A | V18: A | W18: A | X18: A | Y18: A | Z18: A | AA18: A | AB18: A | AC18: A | AD18: A | AE18: A | AF18: A | AG18: A | AH18: A | AI18: A | AJ18: A | AK18: A | AL18: A | AM18: A | AN18: A | AO18: A | AP18: A | AQ18: A | AR18: A | AS18: A | AT18: A | AU18: A | AV18: A | AW18: A | AX18: A | AY18: A | AZ18: A | BA18: A | BB18: A | BC18: A | BD18: A | BE18: A | BF18: A | BG18: A | BH18: A | BI18: A | BJ18: A | BK18: A | BL18: A | BM18: =COUNTIF(D18:BL18,"AT") -> 0 | BN18: {=SUM(COUNTIF(D18:BL18,{"A";"AT"}))} -> 61 | BO18: =COUNTIF(D18:BL18,"J") -> 0 | BP18: =COUNTIF(D18:BL18,"F") -> 0 | BQ18: =SUM(BN18:BP18) -> 61
A19: 9 | B19: =+'1ER TRIMESTRE'!B19 -> 0 | D19: A | E19: A | F19: A | G19: A | H19: A | I19: A | J19: A | K19: A | L19: A | M19: A | N19: A | O19: A | P19: A | Q19: A | R19: A | S19: A | T19: A | U19: A | V19: A | W19: A | X19: A | Y19: A | Z19: A | AA19: A | AB19: A | AC19: A | AD19: A | AE19: A | AF19: A | AG19: A | AH19: A | AI19: A | AJ19: A | AK19: A | AL19: A | AM19: A | AN19: A | AO19: A | AP19: A | AQ19: A | AR19: A | AS19: A | AT19: A | AU19: A | AV19: A | AW19: A | AX19: A | AY19: A | AZ19: A | BA19: A | BB19: A | BC19: A | BD19: A | BE19: A | BF19: A | BG19: A | BH19: A | BI19: A | BJ19: A | BK19: A | BL19: A | BM19: =COUNTIF(D19:BL19,"AT") -> 0 | BN19: {=SUM(COUNTIF(D19:BL19,{"A";"AT"}))} -> 61 | BO19: =COUNTIF(D19:BL19,"J") -> 0 | BP19: =COUNTIF(D19:BL19,"F") -> 0 | BQ19: =SUM(BN19:BP19) -> 61
A20: 10 | B20: =+'1ER TRIMESTRE'!B20 -> 0 | D20: A | E20: A | F20: A | G20: A | H20: A | I20: A | J20: A | K20: A | L20: A | M20: A | N20: A | O20: A | P20: A | Q20: A | R20: A | S20: A | T20: A | U20: A | V20: A | W20: A | X20: A | Y20: A | Z20: A | AA20: A | AB20: A | AC20: A | AD20: A | AE20: A | AF20: A | AG20: A | AH20: A | AI20: A | AJ20: A | AK20: A | AL20: A | AM20: A | AN20: A | AO20: A | AP20: A | AQ20: A | AR20: A | AS20: A | AT20: A | AU20: A | AV20: A | AW20: A | AX20: A | AY20: A | AZ20: A | BA20: A | BB20: A | BC20: A | BD20: A | BE20: A | BF20: A | BG20: A | BH20: A | BI20: A | BJ20: A | BK20: A | BL20: A | BM20: =COUNTIF(D20:BL20,"AT") -> 0 | BN20: {=SUM(COUNTIF(D20:BL20,{"A";"AT"}))} -> 61 | BO20: =COUNTIF(D20:BL20,"J") -> 0 | BP20: =COUNTIF(D20:BL20,"F") -> 0 | BQ20: =SUM(BN20:BP20) -> 61
A21: 11 | B21: =+'1ER TRIMESTRE'!B21 -> 0 | D21: A | E21: A | F21: A | G21: A | H21: A | I21: A | J21: A | K21: A | L21: A | M21: A | N21: A | O21: A | P21: A | Q21: A | R21: A | S21: A | T21: A | U21: A | V21: A | W21: A | X21: A | Y21: A | Z21: A | AA21: A | AB21: A | AC21: A | AD21: A | AE21: A | AF21: A | AG21: A | AH21: A | AI21: A | AJ21: A | AK21: A | AL21: A | AM21: A | AN21: A | AO21: A | AP21: A | AQ21: A | AR21: A | AS21: A | AT21: A | AU21: A | AV21: A | AW21: A | AX21: A | AY21: A | AZ21: A | BA21: A | BB21: A | BC21: A | BD21: A | BE21: A | BF21: A | BG21: A | BH21: A | BI21: A | BJ21: A | BK21: A | BL21: A | BM21: =COUNTIF(D21:BL21,"AT") -> 0 | BN21: {=SUM(COUNTIF(D21:BL21,{"A";"AT"}))} -> 61 | BO21: =COUNTIF(D21:BL21,"J") -> 0 | BP21: =COUNTIF(D21:BL21,"F") -> 0 | BQ21: =SUM(BN21:BP21) -> 61
A22: 12 | B22: =+'1ER TRIMESTRE'!B22 -> 0 | D22: A | E22: A | F22: A | G22: A | H22: A | I22: A | J22: A | K22: A | L22: A | M22: A | N22: A | O22: A | P22: A | Q22: A | R22: A | S22: A | T22: A | U22: A | V22: A | W22: A | X22: A | Y22: A | Z22: A | AA22: A | AB22: A | AC22: A | AD22: A | AE22: A | AF22: A | AG22: A | AH22: A | AI22: A | AJ22: A | AK22: A | AL22: A | AM22: A | AN22: A | AO22: A | AP22: A | AQ22: A | AR22: A | AS22: A | AT22: A | AU22: A | AV22: A | AW22: A | AX22: A | AY22: A | AZ22: A | BA22: A | BB22: A | BC22: A | BD22: A | BE22: A | BF22: A | BG22: A | BH22: A | BI22: A | BJ22: A | BK22: A | BL22: A | BM22: =COUNTIF(D22:BL22,"AT") -> 0 | BN22: {=SUM(COUNTIF(D22:BL22,{"A";"AT"}))} -> 61 | BO22: =COUNTIF(D22:BL22,"J") -> 0 | BP22: =COUNTIF(D22:BL22,"F") -> 0 | BQ22: =SUM(BN22:BP22) -> 61
... A40: 30 | B40: =+'1ER TRIMESTRE'!B40 -> 0 | D40: A | E40: A | F40: A | G40: A | H40: A | I40: A | J40: A | K40: A | L40: A | M40: A | N40: A | O40: A | P40: A | Q40: A | R40: A | S40: A | T40: A | U40: A | V40: A | W40: A | X40: A | Y40: A | Z40: A | AA40: A | AB40: A | AC40: A | AD40: A | AE40: A | AF40: A | AG40: A | AH40: A | AI40: A | AJ40: A | AK40: A | AL40: A | AM40: A | AN40: A | AO40: A | AP40: A | AQ40: A | AR40: A | AS40: A | AT40: A | AU40: A | AV40: A | AW40: A | AX40: A | AY40: A | AZ40: A | BA40: A | BB40: A | BC40: A | BD40: A | BE40: A | BF40: A | BG40: A | BH40: A | BI40: A | BJ40: A | BK40: A | BL40: A | BM40: =COUNTIF(D40:BL40,"AT") -> 0 | BN40: {=SUM(COUNTIF(D40:BL40,{"A";"AT"}))} -> 61 | BO40: =COUNTIF(D40:BL40,"J") -> 0 | BP40: =COUNTIF(D40:BL40,"F") -> 0 | BQ40: =SUM(BN40:BP40) -> 61
D44: LCDA. LEIDY DIANA OYOLA HERRERA | U44: LCDA. LXXXXXXXXXXXXXXXXXXX | AM44: LCDA. LXXXXXXXXXXXXXXXXXXX | BF44: DRA. MARIA LUISA JADAN ORDOÑEZ
D45: DOCENTE TUTOR | U45: INSPECTOR PISO_1 | AM45: INSPECTOR GENERAL | BF45: RECTORA_UETB

Sheet 3ER TRIMESTRE
A1: UNIDAD EDUCATIVA PARTICULAR “TIA BLANQUITA”
A2: MATRIZ: Bolivar 220 entre 10 de Agosto y Napoleon Mera - SUCURSAL: Via Pajonal Urbanizacion Genesis
A3: E-mail: marialuisa_000@hotmail.com
A4: AÑO LECTIVO 2026-2027
A5: REGISTRO DE ASISTENCIA DEL 3ER TRIMESTRE - ESTUDIANTES | CA5: REPORTE ANUAL
A6: INSPECTORA/DOCENTE TUTORA | D6: MES | T6: MES | AL6: MES | BF6: MES | BV6: "AT" Atrasos | BW6: "A" DIAS ASISTIDOS | BX6: "J" Justificadas | BY6: F "Injustificadas" | BZ6: DIAS DE ASISTENCIA 70 | CA6: "AT" Atrasos | CB6: "A" DIAS ASISTIDOS | CC6: "J" Justificadas | CD6: F "Injustificadas" | CE6: 200 DIAS ASISTENCIA AÑO LECTIVO
A7: =+'1ER TRIMESTRE'!A7 -> 0 | D7: NOVIEMBRE | T7: DICIEMBRE | AL7: ENERO | BF7: FEBRERO
A8: Nº | B8: JORNADA | C8: GRADO
B9: =+'1ER TRIMESTRE'!B9 -> MATUTINA | C9: =+'1ER TRIMESTRE'!C9 -> 0 | D9: DÍAS 16 | T9: DÍAS 18 | AL9: DÍAS 20 | BF9: DÍAS 15
B10: NOMINA | D10: 9 | E10: 10 | F10: 11 | G10: 12 | H10: 13 | I10: 16 | J10: 17 | K10: 18 | L10: 19 | M10: 20 | N10: 23 | O10: 24 | P10: 25 | Q10: 26 | R10: 27 | S10: 30 | T10: 1 | U10: 2 | V10: 3 | W10: 4 | X10: 7 | Y10: 8 | Z10: 9 | AA10: 10 | AB10: 11 | AC10: 14 | AD10: 15 | AE10: 16 | AF10: 17 | AG10: 18 | AH10: 21 | AI10: 22 | AJ10: 23 | AK10: 24 | AL10: 4 | AM10: 5 | AN10: 6 | AO10: 7 | AP10: 8 | AQ10: 11 | AR10: 12 | AS10: 13 | AT10: 14 | AU10: 15 | AV10: 18 | AW10: 19 | AX10: 20 | AY10: 21 | AZ10: 22 | BA10: 25 | BB10: 26 | BC10: 27 | BD10: 28 | BE10: 29 | BF10: 1 | BG10: 2 | BH10: 3 | BI10: 4 | BJ10: 5 | BK10: 10 | BL10: 11 | BM10: 12 | BN10: 15 | BO10: 16 | BP10: 17 | BQ10: 18 | BR10: 19 | BS10: 22 | BT10: 23 | BU10: 24
A11: 1 | B11: =+'1ER TRIMESTRE'!B11 -> AGUILAR ORELLANA FREDDY JOEL | D11: A | E11: A | F11: A | G11: A | H11: A | I11: A | J11: A | K11: A | L11: A | M11: A | N11: A | O11: A | P11: A | Q11: A | R11: A | S11: A | T11: A | U11: A | V11: A | W11: A | X11: A | Y11: A | Z11: A | AA11: A | AB11: A | AC11: A | AD11: A | AE11: A | AF11: A | AG11: A | AH11: A | AI11: A | AJ11: A | AK11: A | AL11: A | AM11: A | AN11: A | AO11: A | AP11: A | AQ11: A | AR11: A | AS11: A | AT11: A | AU11: A | AV11: A | AW11: A | AX11: A | AY11: A | AZ11: A | BA11: A | BB11: A | BC11: A | BD11: A | BE11: A | BF11: A | BG11: A | BH11: A | BI11: A | BJ11: A | BK11: A | BL11: A | BM11: A | BN11: A | BO11: A | BP11: A | BQ11: A | BR11: A | BS11: A | BT11: A | BU11: A | BV11: =COUNTIF(D11:BU11,"AT") -> 0 | BW11: {=SUM(COUNTIF(D11:BU11,{"A";"AT"}))} -> 70 | BX11: =COUNTIF(D11:BU11,"J") -> 0 | BY11: =COUNTIF(D11:BU11,"F") -> 0 | BZ11: =SUM(BW11:BY11) -> 70 | CA11: =+BV11+'2DO TRIMESTRE'!BM11+'1ER TRIMESTRE'!BU11 -> 0 | CB11: =+BW11+'2DO TRIMESTRE'!BN11+'1ER TRIMESTRE'!BV11 -> 200 | CC11: =+BX11+'2DO TRIMESTRE'!BO11+'1ER TRIMESTRE'!BW11 -> 0 | CD11: =+BY11+'2DO TRIMESTRE'!BP11+'1ER TRIMESTRE'!BX11 -> 0 | CE11: =BZ11+'2DO TRIMESTRE'!BQ11+'1ER TRIMESTRE'!BY11 -> 200
A12: 2 | B12: =+'1ER TRIMESTRE'!B12 -> 0 | D12: A | E12: A | F12: A | G12: A | H12: A | I12: A | J12: A | K12: A | L12: A | M12: A | N12: A | O12: A | P12: A | Q12: A | R12: A | S12: A | T12: A | U12: A | V12: A | W12: A | X12: A | Y12: A | Z12: A | AA12: A | AB12: A | AC12: A | AD12: A | AE12: A | AF12: A | AG12: A | AH12: A | AI12: A | AJ12: A | AK12: A | AL12: A | AM12: A | AN12: A | AO12: A | AP12: A | AQ12: A | AR12: A | AS12: A | AT12: A | AU12: A | AV12: A | AW12: A | AX12: A | AY12: A | AZ12: A | BA12: A | BB12: A | BC12: A | BD12: A | BE12: A | BF12: A | BG12: A | BH12: A | BI12: A | BJ12: A | BK12: A | BL12: A | BM12: A | BN12: A | BO12: A | BP12: A | BQ12: A | BR12: A | BS12: A | BT12: A | BU12: A | BV12: =COUNTIF(D12:BU12,"AT") -> 0 | BW12: {=SUM(COUNTIF(D12:BU12,{"A";"AT"}))} -> 70 | BX12: =COUNTIF(D12:BU12,"J") -> 0 | BY12: =COUNTIF(D12:BU12,"F") -> 0 | BZ12: =SUM(BW12:BY12) -> 70 | CA12: =+BV12+'2DO TRIMESTRE'!BM12+'1ER TRIMESTRE'!BU12 -> 0 | CB12: =+BW12+'2DO TRIMESTRE'!BN12+'1ER TRIMESTRE'!BV12 -> 200 | CC12: =+BX12+'2DO TRIMESTRE'!BO12+'1ER TRIMESTRE'!BW12 -> 0 | CD12: =+BY12+'2DO TRIMESTRE'!BP12+'1ER TRIMESTRE'!BX12 -> 0 | CE12: =BZ12+'2DO TRIMESTRE'!BQ12+'1ER TRIMESTRE'!BY12 -> 200
A13: 3 | B13: =+'1ER TRIMESTRE'!B13 -> 0 | D13: A | E13: A | F13: A | G13: A | H13: A | I13: A | J13: A | K13: A | L13: A | M13: A | N13: A | O13: A | P13: A | Q13: A | R13: A | S13: A | T13: A | U13: A | V13: A | W13: A | X13: A | Y13: A | Z13: A | AA13: A | AB13: A | AC13: A | AD13: A | AE13: A | AF13: A | AG13: A | AH13: A | AI13: A | AJ13: A | AK13: A | AL13: A | AM13: A | AN13: A | AO13: A | AP13: A | AQ13: A | AR13: A | AS13: A | AT13: A | AU13: A | AV13: A | AW13: A | AX13: A | AY13: A | AZ13: A | BA13: A | BB13: A | BC13: A | BD13: A | BE13: A | BF13: A | BG13: A | BH13: A | BI13: A | BJ13: A | BK13: A | BL13: A | BM13: A | BN13: A | BO13: A | BP13: A | BQ13: A | BR13: A | BS13: A | BT13: A | BU13: A | BV13: =COUNTIF(D13:BU13,"AT") -> 0 | BW13: {=SUM(COUNTIF(D13:BU13,{"A";"AT"}))} -> 70 | BX13: =COUNTIF(D13:BU13,"J") -> 0 | BY13: =COUNTIF(D13:BU13,"F") -> 0 | BZ13: =SUM(BW13:BY13) -> 70 | CA13: =+BV13+'2DO TRIMESTRE'!BM13+'1ER TRIMESTRE'!BU13 -> 0 | CB13: =+BW13+'2DO TRIMESTRE'!BN13+'1ER TRIMESTRE'!BV13 -> 200 | CC13: =+BX13+'2DO TRIMESTRE'!BO13+'1ER TRIMESTRE'!BW13 -> 0 | CD13: =+BY13+'2DO TRIMESTRE'!BP13+'1ER TRIMESTRE'!BX13 -> 0 | CE13: =BZ13+'2DO TRIMESTRE'!BQ13+'1ER TRIMESTRE'!BY13 -> 200
A14: 4 | B14: =+'1ER TRIMESTRE'!B14 -> 0 | D14: A | E14: A | F14: A | G14: A | H14: A | I14: A | J14: A | K14: A | L14: A | M14: A | N14: A | O14: A | P14: A | Q14: A | R14: A | S14: A | T14: A | U14: A | V14: A | W14: A | X14: A | Y14: A | Z14: A | AA14: A | AB14: A | AC14: A | AD14: A | AE14: A | AF14: A | AG14: A | AH14: A | AI14: A | AJ14: A | AK14: A | AL14: A | AM14: A | AN14: A | AO14: A | AP14: A | AQ14: A | AR14: A | AS14: A | AT14: A | AU14: A | AV14: A | AW14: A | AX14: A | AY14: A | AZ14: A | BA14: A | BB14: A | BC14: A | BD14: A | BE14: A | BF14: A | BG14: A | BH14: A | BI14: A | BJ14: A | BK14: A | BL14: A | BM14: A | BN14: A | BO14: A | BP14: A | BQ14: A | BR14: A | BS14: A | BT14: A | BU14: A | BV14: =COUNTIF(D14:BU14,"AT") -> 0 | BW14: {=SUM(COUNTIF(D14:BU14,{"A";"AT"}))} -> 70 | BX14: =COUNTIF(D14:BU14,"J") -> 0 | BY14: =COUNTIF(D14:BU14,"F") -> 0 | BZ14: =SUM(BW14:BY14) -> 70 | CA14: =+BV14+'2DO TRIMESTRE'!BM14+'1ER TRIMESTRE'!BU14 -> 0 | CB14: =+BW14+'2DO TRIMESTRE'!BN14+'1ER TRIMESTRE'!BV14 -> 200 | CC14: =+BX14+'2DO TRIMESTRE'!BO14+'1ER TRIMESTRE'!BW14 -> 0 | CD14: =+BY14+'2DO TRIMESTRE'!BP14+'1ER TRIMESTRE'!BX14 -> 0 | CE14: =BZ14+'2DO TRIMESTRE'!BQ14+'1ER TRIMESTRE'!BY14 -> 200
A15: 5 | B15: =+'1ER TRIMESTRE'!B15 -> 0 | D15: A | E15: A | F15: A | G15: A | H15: A | I15: A | J15: A | K15: A | L15: A | M15: A | N15: A | O15: A | P15: A | Q15: A | R15: A | S15: A | T15: A | U15: A | V15: A | W15: A | X15: A | Y15: A | Z15: A | AA15: A | AB15: A | AC15: A | AD15: A | AE15: A | AF15: A | AG15: A | AH15: A | AI15: A | AJ15: A | AK15: A | AL15: A | AM15: A | AN15: A | AO15: A | AP15: A | AQ15: A | AR15: A | AS15: A | AT15: A | AU15: A | AV15: A | AW15: A | AX15: A | AY15: A | AZ15: A | BA15: A | BB15: A | BC15: A | BD15: A | BE15: A | BF15: A | BG15: A | BH15: A | BI15: A | BJ15: A | BK15: A | BL15: A | BM15: A | BN15: A | BO15: A | BP15: A | BQ15: A | BR15: A | BS15: A | BT15: A | BU15: A | BV15: =COUNTIF(D15:BU15,"AT") -> 0 | BW15: {=SUM(COUNTIF(D15:BU15,{"A";"AT"}))} -> 70 | BX15: =COUNTIF(D15:BU15,"J") -> 0 | BY15: =COUNTIF(D15:BU15,"F") -> 0 | BZ15: =SUM(BW15:BY15) -> 70 | CA15: =+BV15+'2DO TRIMESTRE'!BM15+'1ER TRIMESTRE'!BU15 -> 0 | CB15: =+BW15+'2DO TRIMESTRE'!BN15+'1ER TRIMESTRE'!BV15 -> 200 | CC15: =+BX15+'2DO TRIMESTRE'!BO15+'1ER TRIMESTRE'!BW15 -> 0 | CD15: =+BY15+'2DO TRIMESTRE'!BP15+'1ER TRIMESTRE'!BX15 -> 0 | CE15: =BZ15+'2DO TRIMESTRE'!BQ15+'1ER TRIMESTRE'!BY15 -> 200
A16: 6 | B16: =+'1ER TRIMESTRE'!B16 -> 0 | D16: A | E16: A | F16: A | G16: A | H16: A | I16: A | J16: A | K16: A | L16: A | M16: A | N16: A | O16: A | P16: A | Q16: A | R16: A | S16: A | T16: A | U16: A | V16: A | W16: A | X16: A | Y16: A | Z16: A | AA16: A | AB16: A | AC16: A | AD16: A | AE16: A | AF16: A | AG16: A | AH16: A | AI16: A | AJ16: A | AK16: A | AL16: A | AM16: A | AN16: A | AO16: A | AP16: A | AQ16: A | AR16: A | AS16: A | AT16: A | AU16: A | AV16: A | AW16: A | AX16: A | AY16: A | AZ16: A | BA16: A | BB16: A | BC16: A | BD16: A | BE16: A | BF16: A | BG16: A | BH16: A | BI16: A | BJ16: A | BK16: A | BL16: A | BM16: A | BN16: A | BO16: A | BP16: A | BQ16: A | BR16: A | BS16: A | BT16: A | BU16: A | BV16: =COUNTIF(D16:BU16,"AT") -> 0 | BW16: {=SUM(COUNTIF(D16:BU16,{"A";"AT"}))} -> 70 | BX16: =COUNTIF(D16:BU16,"J") -> 0 | BY16: =COUNTIF(D16:BU16,"F") -> 0 | BZ16: =SUM(BW16:BY16) -> 70 | CA16: =+BV16+'2DO TRIMESTRE'!BM16+'1ER TRIMESTRE'!BU16 -> 0 | CB16: =+BW16+'2DO TRIMESTRE'!BN16+'1ER TRIMESTRE'!BV16 -> 200 | CC16: =+BX16+'2DO TRIMESTRE'!BO16+'1ER TRIMESTRE'!BW16 -> 0 | CD16: =+BY16+'2DO TRIMESTRE'!BP16+'1ER TRIMESTRE'!BX16 -> 0 | CE16: =BZ16+'2DO TRIMESTRE'!BQ16+'1ER TRIMESTRE'!BY16 -> 200
A17: 7 | B17: =+'1ER TRIMESTRE'!B17 -> 0 | D17: A | E17: A | F17: A | G17: A | H17: A | I17: A | J17: A | K17: A | L17: A | M17: A | N17: A | O17: A | P17: A | Q17: A | R17: A | S17: A | T17: A | U17: A | V17: A | W17: A | X17: A | Y17: A | Z17: A | AA17: A | AB17: A | AC17: A | AD17: A | AE17: A | AF17: A | AG17: A | AH17: A | AI17: A | AJ17: A | AK17: A | AL17: A | AM17: A | AN17: A | AO17: A | AP17: A | AQ17: A | AR17: A | AS17: A | AT17: A | AU17: A | AV17: A | AW17: A | AX17: A | AY17: A | AZ17: A | BA17: A | BB17: A | BC17: A | BD17: A | BE17: A | BF17: A | BG17: A | BH17: A | BI17: A | BJ17: A | BK17: A | BL17: A | BM17: A | BN17: A | BO17: A | BP17: A | BQ17: A | BR17: A | BS17: A | BT17: A | BU17: A | BV17: =COUNTIF(D17:BU17,"AT") -> 0 | BW17: {=SUM(COUNTIF(D17:BU17,{"A";"AT"}))} -> 70 | BX17: =COUNTIF(D17:BU17,"J") -> 0 | BY17: =COUNTIF(D17:BU17,"F") -> 0 | BZ17: =SUM(BW17:BY17) -> 70 | CA17: =+BV17+'2DO TRIMESTRE'!BM17+'1ER TRIMESTRE'!BU17 -> 0 | CB17: =+BW17+'2DO TRIMESTRE'!BN17+'1ER TRIMESTRE'!BV17 -> 200 | CC17: =+BX17+'2DO TRIMESTRE'!BO17+'1ER TRIMESTRE'!BW17 -> 0 | CD17: =+BY17+'2DO TRIMESTRE'!BP17+'1ER TRIMESTRE'!BX17 -> 0 | CE17: =BZ17+'2DO TRIMESTRE'!BQ17+'1ER TRIMESTRE'!BY17 -> 200
A18: 8 | B18: =+'1ER TRIMESTRE'!B18 -> 0 | D18: A | E18: A | F18: A | G18: A | H18: A | I18: A | J18: A | K18: A | L18: A | M18: A | N18: A | O18: A | P18: A | Q18: A | R18: A | S18: A | T18: A | U18: A | V18: A | W18: A | X18: A | Y18: A | Z18: A | AA18: A | AB18: A | AC18: A | AD18: A | AE18: A | AF18: A | AG18: A | AH18: A | AI18: A | AJ18: A | AK18: A | AL18: A | AM18: A | AN18: A | AO18: A | AP18: A | AQ18: A | AR18: A | AS18: A | AT18: A | AU18: A | AV18: A | AW18: A | AX18: A | AY18: A | AZ18: A | BA18: A | BB18: A | BC18: A | BD18: A | BE18: A | BF18: A | BG18: A | BH18: A | BI18: A | BJ18: A | BK18: A | BL18: A | BM18: A | BN18: A | BO18: A | BP18: A | BQ18: A | BR18: A | BS18: A | BT18: A | BU18: A | BV18: =COUNTIF(D18:BU18,"AT") -> 0 | BW18: {=SUM(COUNTIF(D18:BU18,{"A";"AT"}))} -> 70 | BX18: =COUNTIF(D18:BU18,"J") -> 0 | BY18: =COUNTIF(D18:BU18,"F") -> 0 | BZ18: =SUM(BW18:BY18) -> 70 | CA18: =+BV18+'2DO TRIMESTRE'!BM18+'1ER TRIMESTRE'!BU18 -> 0 | CB18: =+BW18+'2DO TRIMESTRE'!BN18+'1ER TRIMESTRE'!BV18 -> 200 | CC18: =+BX18+'2DO TRIMESTRE'!BO18+'1ER TRIMESTRE'!BW18 -> 0 | CD18: =+BY18+'2DO TRIMESTRE'!BP18+'1ER TRIMESTRE'!BX18 -> 0 | CE18: =BZ18+'2DO TRIMESTRE'!BQ18+'1ER TRIMESTRE'!BY18 -> 200
A19: 9 | B19: =+'1ER TRIMESTRE'!B19 -> 0 | D19: A | E19: A | F19: A | G19: A | H19: A | I19: A | J19: A | K19: A | L19: A | M19: A | N19: A | O19: A | P19: A | Q19: A | R19: A | S19: A | T19: A | U19: A | V19: A | W19: A | X19: A | Y19: A | Z19: A | AA19: A | AB19: A | AC19: A | AD19: A | AE19: A | AF19: A | AG19: A | AH19: A | AI19: A | AJ19: A | AK19: A | AL19: A | AM19: A | AN19: A | AO19: A | AP19: A | AQ19: A | AR19: A | AS19: A | AT19: A | AU19: A | AV19: A | AW19: A | AX19: A | AY19: A | AZ19: A | BA19: A | BB19: A | BC19: A | BD19: A | BE19: A | BF19: A | BG19: A | BH19: A | BI19: A | BJ19: A | BK19: A | BL19: A | BM19: A | BN19: A | BO19: A | BP19: A | BQ19: A | BR19: A | BS19: A | BT19: A | BU19: A | BV19: =COUNTIF(D19:BU19,"AT") -> 0 | BW19: {=SUM(COUNTIF(D19:BU19,{"A";"AT"}))} -> 70 | BX19: =COUNTIF(D19:BU19,"J") -> 0 | BY19: =COUNTIF(D19:BU19,"F") -> 0 | BZ19: =SUM(BW19:BY19) -> 70 | CA19: =+BV19+'2DO TRIMESTRE'!BM19+'1ER TRIMESTRE'!BU19 -> 0 | CB19: =+BW19+'2DO TRIMESTRE'!BN19+'1ER TRIMESTRE'!BV19 -> 200 | CC19: =+BX19+'2DO TRIMESTRE'!BO19+'1ER TRIMESTRE'!BW19 -> 0 | CD19: =+BY19+'2DO TRIMESTRE'!BP19+'1ER TRIMESTRE'!BX19 -> 0 | CE19: =BZ19+'2DO TRIMESTRE'!BQ19+'1ER TRIMESTRE'!BY19 -> 200
A20: 10 | B20: =+'1ER TRIMESTRE'!B20 -> 0 | D20: A | E20: A | F20: A | G20: A | H20: A | I20: A | J20: A | K20: A | L20: A | M20: A | N20: A | O20: A | P20: A | Q20: A | R20: A | S20: A | T20: A | U20: A | V20: A | W20: A | X20: A | Y20: A | Z20: A | AA20: A | AB20: A | AC20: A | AD20: A | AE20: A | AF20: A | AG20: A | AH20: A | AI20: A | AJ20: A | AK20: A | AL20: A | AM20: A | AN20: A | AO20: A | AP20: A | AQ20: A | AR20: A | AS20: A | AT20: A | AU20: A | AV20: A | AW20: A | AX20: A | AY20: A | AZ20: A | BA20: A | BB20: A | BC20: A | BD20: A | BE20: A | BF20: A | BG20: A | BH20: A | BI20: A | BJ20: A | BK20: A | BL20: A | BM20: A | BN20: A | BO20: A | BP20: A | BQ20: A | BR20: A | BS20: A | BT20: A | BU20: A | BV20: =COUNTIF(D20:BU20,"AT") -> 0 | BW20: {=SUM(COUNTIF(D20:BU20,{"A";"AT"}))} -> 70 | BX20: =COUNTIF(D20:BU20,"J") -> 0 | BY20: =COUNTIF(D20:BU20,"F") -> 0 | BZ20: =SUM(BW20:BY20) -> 70 | CA20: =+BV20+'2DO TRIMESTRE'!BM20+'1ER TRIMESTRE'!BU20 -> 0 | CB20: =+BW20+'2DO TRIMESTRE'!BN20+'1ER TRIMESTRE'!BV20 -> 200 | CC20: =+BX20+'2DO TRIMESTRE'!BO20+'1ER TRIMESTRE'!BW20 -> 0 | CD20: =+BY20+'2DO TRIMESTRE'!BP20+'1ER TRIMESTRE'!BX20 -> 0 | CE20: =BZ20+'2DO TRIMESTRE'!BQ20+'1ER TRIMESTRE'!BY20 -> 200
A21: 11 | B21: =+'1ER TRIMESTRE'!B21 -> 0 | D21: A | E21: A | F21: A | G21: A | H21: A | I21: A | J21: A | K21: A | L21: A | M21: A | N21: A | O21: A | P21: A | Q21: A | R21: A | S21: A | T21: A | U21: A | V21: A | W21: A | X21: A | Y21: A | Z21: A | AA21: A | AB21: A | AC21: A | AD21: A | AE21: A | AF21: A | AG21: A | AH21: A | AI21: A | AJ21: A | AK21: A | AL21: A | AM21: A | AN21: A | AO21: A | AP21: A | AQ21: A | AR21: A | AS21: A | AT21: A | AU21: A | AV21: A | AW21: A | AX21: A | AY21: A | AZ21: A | BA21: A | BB21: A | BC21: A | BD21: A | BE21: A | BF21: A | BG21: A | BH21: A | BI21: A | BJ21: A | BK21: A | BL21: A | BM21: A | BN21: A | BO21: A | BP21: A | BQ21: A | BR21: A | BS21: A | BT21: A | BU21: A | BV21: =COUNTIF(D21:BU21,"AT") -> 0 | BW21: {=SUM(COUNTIF(D21:BU21,{"A";"AT"}))} -> 70 | BX21: =COUNTIF(D21:BU21,"J") -> 0 | BY21: =COUNTIF(D21:BU21,"F") -> 0 | BZ21: =SUM(BW21:BY21) -> 70 | CA21: =+BV21+'2DO TRIMESTRE'!BM21+'1ER TRIMESTRE'!BU21 -> 0 | CB21: =+BW21+'2DO TRIMESTRE'!BN21+'1ER TRIMESTRE'!BV21 -> 200 | CC21: =+BX21+'2DO TRIMESTRE'!BO21+'1ER TRIMESTRE'!BW21 -> 0 | CD21: =+BY21+'2DO TRIMESTRE'!BP21+'1ER TRIMESTRE'!BX21 -> 0 | CE21: =BZ21+'2DO TRIMESTRE'!BQ21+'1ER TRIMESTRE'!BY21 -> 200
A22: 12 | B22: =+'1ER TRIMESTRE'!B22 -> 0 | D22: A | E22: A | F22: A | G22: A | H22: A | I22: A | J22: A | K22: A | L22: A | M22: A | N22: A | O22: A | P22: A | Q22: A | R22: A | S22: A | T22: A | U22: A | V22: A | W22: A | X22: A | Y22: A | Z22: A | AA22: A | AB22: A | AC22: A | AD22: A | AE22: A | AF22: A | AG22: A | AH22: A | AI22: A | AJ22: A | AK22: A | AL22: A | AM22: A | AN22: A | AO22: A | AP22: A | AQ22: A | AR22: A | AS22: A | AT22: A | AU22: A | AV22: A | AW22: A | AX22: A | AY22: A | AZ22: A | BA22: A | BB22: A | BC22: A | BD22: A | BE22: A | BF22: A | BG22: A | BH22: A | BI22: A | BJ22: A | BK22: A | BL22: A | BM22: A | BN22: A | BO22: A | BP22: A | BQ22: A | BR22: A | BS22: A | BT22: A | BU22: A | BV22: =COUNTIF(D22:BU22,"AT") -> 0 | BW22: {=SUM(COUNTIF(D22:BU22,{"A";"AT"}))} -> 70 | BX22: =COUNTIF(D22:BU22,"J") -> 0 | BY22: =COUNTIF(D22:BU22,"F") -> 0 | BZ22: =SUM(BW22:BY22) -> 70 | CA22: =+BV22+'2DO TRIMESTRE'!BM22+'1ER TRIMESTRE'!BU22 -> 0 | CB22: =+BW22+'2DO TRIMESTRE'!BN22+'1ER TRIMESTRE'!BV22 -> 200 | CC22: =+BX22+'2DO TRIMESTRE'!BO22+'1ER TRIMESTRE'!BW22 -> 0 | CD22: =+BY22+'2DO TRIMESTRE'!BP22+'1ER TRIMESTRE'!BX22 -> 0 | CE22: =BZ22+'2DO TRIMESTRE'!BQ22+'1ER TRIMESTRE'!BY22 -> 200
... A34: 24 | B34: =+'1ER TRIMESTRE'!B34 -> 0 | D34: A | E34: A | F34: A | G34: A | H34: A | I34: A | J34: A | K34: A | L34: A | M34: A | N34: A | O34: A | P34: A | Q34: A | R34: A | S34: A | T34: A | U34: A | V34: A | W34: A | X34: A | Y34: A | Z34: A | AA34: A | AB34: A | AC34: A | AD34: A | AE34: A | AF34: A | AG34: A | AH34: A | AI34: A | AJ34: A | AK34: A | AL34: A | AM34: A | AN34: A | AO34: A | AP34: A | AQ34: A | AR34: A | AS34: A | AT34: A | AU34: A | AV34: A | AW34: A | AX34: A | AY34: A | AZ34: A | BA34: A | BB34: A | BC34: A | BD34: A | BE34: A | BF34: A | BG34: A | BH34: A | BI34: A | BJ34: A | BK34: A | BL34: A | BM34: A | BN34: A | BO34: A | BP34: A | BQ34: A | BR34: A | BS34: A | BT34: A | BU34: A | BV34: =COUNTIF(D34:BU34,"AT") -> 0 | BW34: {=SUM(COUNTIF(D34:BU34,{"A";"AT"}))} -> 70 | BX34: =COUNTIF(D34:BU34,"J") -> 0 | BY34: =COUNTIF(D34:BU34,"F") -> 0 | BZ34: =SUM(BW34:BY34) -> 70 | CA34: =+BV34+'2DO TRIMESTRE'!BM34+'1ER TRIMESTRE'!BU34 -> 0 | CB34: =+BW34+'2DO TRIMESTRE'!BN34+'1ER TRIMESTRE'!BV34 -> 200 | CC34: =+BX34+'2DO TRIMESTRE'!BO34+'1ER TRIMESTRE'!BW34 -> 0 | CD34: =+BY34+'2DO TRIMESTRE'!BP34+'1ER TRIMESTRE'!BX34 -> 0 | CE34: =BZ34+'2DO TRIMESTRE'!BQ34+'1ER TRIMESTRE'!BY34 -> 200
A35: 25 | B35: =+'1ER TRIMESTRE'!B34 -> 0 | D35: A | E35: A | F35: A | G35: A | H35: A | I35: A | J35: A | K35: A | L35: A | M35: A | N35: A | O35: A | P35: A | Q35: A | R35: A | S35: A | T35: A | U35: A | V35: A | W35: A | X35: A | Y35: A | Z35: A | AA35: A | AB35: A | AC35: A | AD35: A | AE35: A | AF35: A | AG35: A | AH35: A | AI35: A | AJ35: A | AK35: A | AL35: A | AM35: A | AN35: A | AO35: A | AP35: A | AQ35: A | AR35: A | AS35: A | AT35: A | AU35: A | AV35: A | AW35: A | AX35: A | AY35: A | AZ35: A | BA35: A | BB35: A | BC35: A | BD35: A | BE35: A | BF35: A | BG35: A | BH35: A | BI35: A | BJ35: A | BK35: A | BL35: A | BM35: A | BN35: A | BO35: A | BP35: A | BQ35: A | BR35: A | BS35: A | BT35: A | BU35: A | BV35: =COUNTIF(D35:BU35,"AT") -> 0 | BW35: {=SUM(COUNTIF(D35:BU35,{"A";"AT"}))} -> 70 | BX35: =COUNTIF(D35:BU35,"J") -> 0 | BY35: =COUNTIF(D35:BU35,"F") -> 0 | BZ35: =SUM(BW35:BY35) -> 70 | CA35: =+BV35+'2DO TRIMESTRE'!BM34+'1ER TRIMESTRE'!BU34 -> 0 | CB35: =+BW35+'2DO TRIMESTRE'!BN34+'1ER TRIMESTRE'!BV34 -> 200 | CC35: =+BX35+'2DO TRIMESTRE'!BO34+'1ER TRIMESTRE'!BW34 -> 0 | CD35: =+BY35+'2DO TRIMESTRE'!BP34+'1ER TRIMESTRE'!BX34 -> 0 | CE35: =BZ35+'2DO TRIMESTRE'!BQ34+'1ER TRIMESTRE'!BY34 -> 200
A36: 26 | B36: =+'1ER TRIMESTRE'!B35 -> 0 | D36: A | E36: A | F36: A | G36: A | H36: A | I36: A | J36: A | K36: A | L36: A | M36: A | N36: A | O36: A | P36: A | Q36: A | R36: A | S36: A | T36: A | U36: A | V36: A | W36: A | X36: A | Y36: A | Z36: A | AA36: A | AB36: A | AC36: A | AD36: A | AE36: A | AF36: A | AG36: A | AH36: A | AI36: A | AJ36: A | AK36: A | AL36: A | AM36: A | AN36: A | AO36: A | AP36: A | AQ36: A | AR36: A | AS36: A | AT36: A | AU36: A | AV36: A | AW36: A | AX36: A | AY36: A | AZ36: A | BA36: A | BB36: A | BC36: A | BD36: A | BE36: A | BF36: A | BG36: A | BH36: A | BI36: A | BJ36: A | BK36: A | BL36: A | BM36: A | BN36: A | BO36: A | BP36: A | BQ36: A | BR36: A | BS36: A | BT36: A | BU36: A | BV36: =COUNTIF(D36:BU36,"AT") -> 0 | BW36: {=SUM(COUNTIF(D36:BU36,{"A";"AT"}))} -> 70 | BX36: =COUNTIF(D36:BU36,"J") -> 0 | BY36: =COUNTIF(D36:BU36,"F") -> 0 | BZ36: =SUM(BW36:BY36) -> 70 | CA36: =+BV36+'2DO TRIMESTRE'!BM35+'1ER TRIMESTRE'!BU35 -> 0 | CB36: =+BW36+'2DO TRIMESTRE'!BN35+'1ER TRIMESTRE'!BV35 -> 200 | CC36: =+BX36+'2DO TRIMESTRE'!BO35+'1ER TRIMESTRE'!BW35 -> 0 | CD36: =+BY36+'2DO TRIMESTRE'!BP35+'1ER TRIMESTRE'!BX35 -> 0 | CE36: =BZ36+'2DO TRIMESTRE'!BQ35+'1ER TRIMESTRE'!BY35 -> 200
A37: 27 | B37: =+'1ER TRIMESTRE'!B36 -> 0 | D37: A | E37: A | F37: A | G37: A | H37: A | I37: A | J37: A | K37: A | L37: A | M37: A | N37: A | O37: A | P37: A | Q37: A | R37: A | S37: A | T37: A | U37: A | V37: A | W37: A | X37: A | Y37: A | Z37: A | AA37: A | AB37: A | AC37: A | AD37: A | AE37: A | AF37: A | AG37: A | AH37: A | AI37: A | AJ37: A | AK37: A | AL37: A | AM37: A | AN37: A | AO37: A | AP37: A | AQ37: A | AR37: A | AS37: A | AT37: A | AU37: A | AV37: A | AW37: A | AX37: A | AY37: A | AZ37: A | BA37: A | BB37: A | BC37: A | BD37: A | BE37: A | BF37: A | BG37: A | BH37: A | BI37: A | BJ37: A | BK37: A | BL37: A | BM37: A | BN37: A | BO37: A | BP37: A | BQ37: A | BR37: A | BS37: A | BT37: A | BU37: A | BV37: =COUNTIF(D37:BU37,"AT") -> 0 | BW37: {=SUM(COUNTIF(D37:BU37,{"A";"AT"}))} -> 70 | BX37: =COUNTIF(D37:BU37,"J") -> 0 | BY37: =COUNTIF(D37:BU37,"F") -> 0 | BZ37: =SUM(BW37:BY37) -> 70 | CA37: =+BV37+'2DO TRIMESTRE'!BM36+'1ER TRIMESTRE'!BU36 -> 0 | CB37: =+BW37+'2DO TRIMESTRE'!BN36+'1ER TRIMESTRE'!BV36 -> 200 | CC37: =+BX37+'2DO TRIMESTRE'!BO36+'1ER TRIMESTRE'!BW36 -> 0 | CD37: =+BY37+'2DO TRIMESTRE'!BP36+'1ER TRIMESTRE'!BX36 -> 0 | CE37: =BZ37+'2DO TRIMESTRE'!BQ36+'1ER TRIMESTRE'!BY36 -> 200
A38: 28 | B38: =+'1ER TRIMESTRE'!B37 -> 0 | D38: A | E38: A | F38: A | G38: A | H38: A | I38: A | J38: A | K38: A | L38: A | M38: A | N38: A | O38: A | P38: A | Q38: A | R38: A | S38: A | T38: A | U38: A | V38: A | W38: A | X38: A | Y38: A | Z38: A | AA38: A | AB38: A | AC38: A | AD38: A | AE38: A | AF38: A | AG38: A | AH38: A | AI38: A | AJ38: A | AK38: A | AL38: A | AM38: A | AN38: A | AO38: A | AP38: A | AQ38: A | AR38: A | AS38: A | AT38: A | AU38: A | AV38: A | AW38: A | AX38: A | AY38: A | AZ38: A | BA38: A | BB38: A | BC38: A | BD38: A | BE38: A | BF38: A | BG38: A | BH38: A | BI38: A | BJ38: A | BK38: A | BL38: A | BM38: A | BN38: A | BO38: A | BP38: A | BQ38: A | BR38: A | BS38: A | BT38: A | BU38: A | BV38: =COUNTIF(D38:BU38,"AT") -> 0 | BW38: {=SUM(COUNTIF(D38:BU38,{"A";"AT"}))} -> 70 | BX38: =COUNTIF(D38:BU38,"J") -> 0 | BY38: =COUNTIF(D38:BU38,"F") -> 0 | BZ38: =SUM(BW38:BY38) -> 70 | CA38: =+BV38+'2DO TRIMESTRE'!BM37+'1ER TRIMESTRE'!BU37 -> 0 | CB38: =+BW38+'2DO TRIMESTRE'!BN37+'1ER TRIMESTRE'!BV37 -> 200 | CC38: =+BX38+'2DO TRIMESTRE'!BO37+'1ER TRIMESTRE'!BW37 -> 0 | CD38: =+BY38+'2DO TRIMESTRE'!BP37+'1ER TRIMESTRE'!BX37 -> 0 | CE38: =BZ38+'2DO TRIMESTRE'!BQ37+'1ER TRIMESTRE'!BY37 -> 200
A39: 29 | B39: =+'1ER TRIMESTRE'!B39 -> 0 | D39: A | E39: A | F39: A | G39: A | H39: A | I39: A | J39: A | K39: A | L39: A | M39: A | N39: A | O39: A | P39: A | Q39: A | R39: A | S39: A | T39: A | U39: A | V39: A | W39: A | X39: A | Y39: A | Z39: A | AA39: A | AB39: A | AC39: A | AD39: A | AE39: A | AF39: A | AG39: A | AH39: A | AI39: A | AJ39: A | AK39: A | AL39: A | AM39: A | AN39: A | AO39: A | AP39: A | AQ39: A | AR39: A | AS39: A | AT39: A | AU39: A | AV39: A | AW39: A | AX39: A | AY39: A | AZ39: A | BA39: A | BB39: A | BC39: A | BD39: A | BE39: A | BF39: A | BG39: A | BH39: A | BI39: A | BJ39: A | BK39: A | BL39: A | BM39: A | BN39: A | BO39: A | BP39: A | BQ39: A | BR39: A | BS39: A | BT39: A | BU39: A | BV39: =COUNTIF(D39:BU39,"AT") -> 0 | BW39: {=SUM(COUNTIF(D39:BU39,{"A";"AT"}))} -> 70 | BX39: =COUNTIF(D39:BU39,"J") -> 0 | BY39: =COUNTIF(D39:BU39,"F") -> 0 | BZ39: =SUM(BW39:BY39) -> 70 | CA39: =+BV39+'2DO TRIMESTRE'!BM39+'1ER TRIMESTRE'!BU39 -> 0 | CB39: =+BW39+'2DO TRIMESTRE'!BN39+'1ER TRIMESTRE'!BV39 -> 200 | CC39: =+BX39+'2DO TRIMESTRE'!BO39+'1ER TRIMESTRE'!BW39 -> 0 | CD39: =+BY39+'2DO TRIMESTRE'!BP39+'1ER TRIMESTRE'!BX39 -> 0 | CE39: =BZ39+'2DO TRIMESTRE'!BQ39+'1ER TRIMESTRE'!BY39 -> 200
A40: 30 | B40: =+'1ER TRIMESTRE'!B40 -> 0 | D40: A | E40: A | F40: A | G40: A | H40: A | I40: A | J40: A | K40: A | L40: A | M40: A | N40: A | O40: A | P40: A | Q40: A | R40: A | S40: A | T40: A | U40: A | V40: A | W40: A | X40: A | Y40: A | Z40: A | AA40: A | AB40: A | AC40: A | AD40: A | AE40: A | AF40: A | AG40: A | AH40: A | AI40: A | AJ40: A | AK40: A | AL40: A | AM40: A | AN40: A | AO40: A | AP40: A | AQ40: A | AR40: A | AS40: A | AT40: A | AU40: A | AV40: A | AW40: A | AX40: A | AY40: A | AZ40: A | BA40: A | BB40: A | BC40: A | BD40: A | BE40: A | BF40: A | BG40: A | BH40: A | BI40: A | BJ40: A | BK40: A | BL40: A | BM40: A | BN40: A | BO40: A | BP40: A | BQ40: A | BR40: A | BS40: A | BT40: A | BU40: A | BV40: =COUNTIF(D40:BU40,"AT") -> 0 | BW40: {=SUM(COUNTIF(D40:BU40,{"A";"AT"}))} -> 70 | BX40: =COUNTIF(D40:BU40,"J") -> 0 | BY40: =COUNTIF(D40:BU40,"F") -> 0 | BZ40: =SUM(BW40:BY40) -> 70 | CA40: =+BV40+'2DO TRIMESTRE'!BM40+'1ER TRIMESTRE'!BU40 -> 0 | CB40: =+BW40+'2DO TRIMESTRE'!BN40+'1ER TRIMESTRE'!BV40 -> 200 | CC40: =+BX40+'2DO TRIMESTRE'!BO40+'1ER TRIMESTRE'!BW40 -> 0 | CD40: =+BY40+'2DO TRIMESTRE'!BP40+'1ER TRIMESTRE'!BX40 -> 0 | CE40: =BZ40+'2DO TRIMESTRE'!BQ40+'1ER TRIMESTRE'!BY40 -> 200
BV41: TOTALES | CA41: =SUM(CA11:CA40) -> 0 | CB41: =SUM(CB11:CB40) -> 6000 | CC41: =SUM(CC11:CC40) -> 0 | CD41: =SUM(CD11:CD40) -> 0 | CE41: =SUM(CE11:CE40) -> 6000
D46: LCDA. LEIDY DIANA OYOLA HERRERA | Z46: LCDA. LXXXXXXXXXXXXXXXXXXX | AS46: LCDA. LXXXXXXXXXXXXXXXXXXX | BL46: DRA. MARIA LUISA JADAN ORDOÑEZ
D47: DOCENTE TUTOR | Z47: INSPECTOR PISO_1 | AS47: INSPECTOR GENERAL | BL47: RECTORA_UETB
